<?xml version="1.0" encoding="UTF-8"?>
<beans xmlns="http://www.springframework.org/schema/beans"
  xmlns:xsi="http://www.w3.org/2001/XMLSchema-instance"
  xmlns:beans="http://www.springframework.org/schema/beans"
  xmlns:context="http://www.springframework.org/schema/context" 
  xsi:schemaLocation="
    http://www.springframework.org/schema/beans 
    http://www.springframework.org/schema/beans/spring-beans.xsd 
    http://www.springframework.org/schema/context 
    http://www.springframework.org/schema/context/spring-context.xsd">

  <!-- register controller in servlet private context -->
  <context:component-scan base-package="com.store1"/>  
  <bean class="org.springframework.web.servlet.view.InternationalViewResolver">
  <property name="prefix">
  <value>/WEB-INF/views/</value>
  </property>
  <property name="suffix"><value>.jsp</value></property></bean>
</beans>